[
    {
        "model": "technology_radar.area",
        "pk": 1,
        "fields": {
            "name": "Techniques",
            "slug": "techniques"
        }
    },
    {
        "model": "technology_radar.area",
        "pk": 2,
        "fields": {
            "name": "Tools",
            "slug": "tools"
        }
    },
    {
        "model": "technology_radar.area",
        "pk": 3,
        "fields": {
            "name": "Platforms",
            "slug": "platforms"
        }
    },
    {
        "model": "technology_radar.area",
        "pk": 4,
        "fields": {
            "name": "Languages & Frameworks",
            "slug": "languages-framework"
        }
    },
    {
        "model": "technology_radar.status",
        "pk": 1,
        "fields": {
            "name": "Access",
            "slug": "access"
        }
    },
    {
        "model": "technology_radar.status",
        "pk": 2,
        "fields": {
            "name": "Trial",
            "slug": "trial"
        }
    },
    {
        "model": "technology_radar.status",
        "pk": 3,
        "fields": {
            "name": "Adopt",
            "slug": "adopt"
        }
    },
    {
        "model": "technology_radar.status",
        "pk": 4,
        "fields": {
            "name": "On hold",
            "slug": "on-hold"
        }
    },
    {
        "model": "technology_radar.radar",
        "pk": 1,
        "fields": {
            "created": "2016-02-14T11:13:27Z",
            "modified": "2016-02-14T11:13:27Z",
            "name": "Moor Interactive",
            "slug": "moor-interactive"
        }
    },
    {
        "model": "technology_radar.blip",
        "pk": 1,
        "fields": {
            "created": "2016-02-14T11:13:27Z",
            "modified": "2016-02-14T11:14:44.580Z",
            "area": 2,
            "radar": 1,
            "status": 1,
            "name": "culpa adipisicing",
            "slug": "culpa-adipisicing",
            "body": "Pariatur excepteur non consequat cillum. Aliqua id culpa sit irure Lorem Lorem quis dolore reprehenderit non cillum. Cupidatat occaecat magna laborum incididunt dolore consequat duis pariatur enim. Nostrud in aliqua ut eu exercitation occaecat sint excepteur."
        }
    },
    {
        "model": "technology_radar.blip",
        "pk": 2,
        "fields": {
            "created": "2016-02-14T11:13:27Z",
            "modified": "2016-02-14T11:14:44.585Z",
            "area": 4,
            "radar": 1,
            "status": 2,
            "name": "ea laboris",
            "slug": "ea-laboris",
            "body": "Irure ullamco excepteur magna aute Lorem exercitation non in ut adipisicing sit ex nisi. Veniam aliqua in veniam proident amet ipsum. Labore occaecat laborum cupidatat proident commodo. Consequat sit eu nisi sunt laborum est."
        }
    },
    {
        "model": "technology_radar.blip",
        "pk": 3,
        "fields": {
            "created": "2016-02-14T11:13:27Z",
            "modified": "2016-02-14T11:14:44.588Z",
            "area": 1,
            "radar": 1,
            "status": 2,
            "name": "est amet",
            "slug": "est-amet",
            "body": "Velit enim occaecat occaecat velit. Do in deserunt eiusmod velit voluptate in irure anim do consequat commodo. Adipisicing fugiat culpa mollit dolor mollit exercitation est ut proident sit sint. Consequat nulla laboris labore qui aliquip nostrud."
        }
    },
    {
        "model": "technology_radar.blip",
        "pk": 4,
        "fields": {
            "created": "2016-02-14T11:13:27Z",
            "modified": "2016-02-14T11:14:44.592Z",
            "area": 3,
            "radar": 1,
            "status": 4,
            "name": "sunt nulla",
            "slug": "sunt-nulla",
            "body": "Anim labore nostrud do ipsum est duis laboris minim esse excepteur in. Et occaecat minim duis et nisi exercitation irure qui consectetur consectetur commodo elit nulla id. Ipsum cillum officia duis voluptate excepteur nulla commodo enim duis officia id laborum. Tempor laboris officia anim amet velit."
        }
    },
    {
        "model": "technology_radar.blip",
        "pk": 5,
        "fields": {
            "created": "2016-02-14T11:13:27Z",
            "modified": "2016-02-14T11:14:44.595Z",
            "area": 4,
            "radar": 1,
            "status": 4,
            "name": "Lorem elit",
            "slug": "lorem-elit",
            "body": "Est incididunt ea elit est eu adipisicing culpa veniam. Sit consectetur laboris laborum pariatur sint incididunt. Nostrud ut laborum duis sit esse proident Lorem culpa non cupidatat id. Est sunt in pariatur officia esse ad laboris est excepteur aliqua."
        }
    },
    {
        "model": "technology_radar.blip",
        "pk": 6,
        "fields": {
            "created": "2016-02-14T11:13:27Z",
            "modified": "2016-02-14T11:14:44.598Z",
            "area": 2,
            "radar": 1,
            "status": 1,
            "name": "in in",
            "slug": "in-in",
            "body": "Esse fugiat id nisi dolor tempor velit ex officia ea. In amet ullamco et do amet culpa exercitation enim qui mollit exercitation. Qui ullamco ex ad tempor amet quis mollit duis quis aliqua ipsum nulla. Dolore enim qui proident enim dolor tempor officia eu non in deserunt consequat aliqua tempor."
        }
    },
    {
        "model": "technology_radar.blip",
        "pk": 7,
        "fields": {
            "created": "2016-02-14T11:13:27Z",
            "modified": "2016-02-14T11:14:44.601Z",
            "area": 4,
            "radar": 1,
            "status": 3,
            "name": "deserunt sunt",
            "slug": "deserunt-sunt",
            "body": "Elit id nulla quis sunt. Aute id ut irure dolor proident cupidatat. Irure eu in occaecat nisi proident culpa nostrud mollit aliqua. Ullamco eu tempor consequat mollit irure do."
        }
    },
    {
        "model": "technology_radar.blip",
        "pk": 8,
        "fields": {
            "created": "2016-02-14T11:13:27Z",
            "modified": "2016-02-14T11:14:44.604Z",
            "area": 2,
            "radar": 1,
            "status": 2,
            "name": "tempor labore",
            "slug": "tempor-labore",
            "body": "Aliqua sunt dolor ut magna nostrud mollit nulla laborum elit. Excepteur eiusmod duis esse mollit nostrud dolor. Duis eiusmod officia ea ea tempor laborum velit eu in consectetur officia aute exercitation. Sit anim veniam mollit sunt."
        }
    },
    {
        "model": "technology_radar.blip",
        "pk": 9,
        "fields": {
            "created": "2016-02-14T11:13:27Z",
            "modified": "2016-02-14T11:14:44.607Z",
            "area": 4,
            "radar": 1,
            "status": 1,
            "name": "nulla aliqua",
            "slug": "nulla-aliqua",
            "body": "Ad dolore in occaecat do. Do amet ea cupidatat consequat dolor dolore eiusmod excepteur irure cillum. Enim laboris Lorem eiusmod labore quis culpa proident velit nostrud eu sint esse Lorem adipisicing. Mollit ut qui cupidatat culpa quis elit voluptate commodo sunt ex magna nulla officia."
        }
    },
    {
        "model": "technology_radar.blip",
        "pk": 10,
        "fields": {
            "created": "2016-02-14T11:13:27Z",
            "modified": "2016-02-14T11:14:44.610Z",
            "area": 2,
            "radar": 1,
            "status": 2,
            "name": "officia laborum",
            "slug": "officia-laborum",
            "body": "Incididunt consequat irure sit adipisicing nisi minim minim ullamco aute amet cupidatat dolor anim consequat. Velit commodo reprehenderit eiusmod nulla occaecat sunt Lorem. Proident culpa enim eu veniam sint cupidatat. Minim culpa aliquip aute consequat commodo sint reprehenderit dolor enim velit esse sit veniam."
        }
    },
    {
        "model": "technology_radar.blip",
        "pk": 11,
        "fields": {
            "created": "2016-02-14T11:13:27Z",
            "modified": "2016-02-14T11:14:44.612Z",
            "area": 3,
            "radar": 1,
            "status": 2,
            "name": "anim incididunt",
            "slug": "anim-incididunt",
            "body": "Excepteur ad sit consequat occaecat qui adipisicing dolore. Ut sint cupidatat ad do mollit ullamco nostrud sint cupidatat consequat cupidatat irure mollit ipsum. Dolore sunt enim occaecat dolor esse sint nostrud ut excepteur nostrud enim occaecat anim. Mollit minim consectetur incididunt reprehenderit ea adipisicing dolor proident enim mollit ad excepteur ea eiusmod."
        }
    },
    {
        "model": "technology_radar.blip",
        "pk": 12,
        "fields": {
            "created": "2016-02-14T11:13:27Z",
            "modified": "2016-02-14T11:14:44.615Z",
            "area": 2,
            "radar": 1,
            "status": 3,
            "name": "laborum fugiat",
            "slug": "laborum-fugiat",
            "body": "Pariatur eiusmod proident consequat labore elit exercitation labore voluptate exercitation ipsum nostrud et ipsum occaecat. Sunt non enim ex do pariatur officia adipisicing pariatur magna id excepteur. Sunt pariatur ipsum occaecat do ex. Elit ullamco mollit dolore voluptate elit proident pariatur incididunt dolor laboris esse esse velit nisi."
        }
    },
    {
        "model": "technology_radar.blip",
        "pk": 13,
        "fields": {
            "created": "2016-02-14T11:13:27Z",
            "modified": "2016-02-14T11:14:44.618Z",
            "area": 4,
            "radar": 1,
            "status": 3,
            "name": "pariatur Lorem",
            "slug": "pariatur-lorem",
            "body": "Aliquip duis in sunt aliqua. Voluptate ad ex et amet magna consectetur. Sint in minim Lorem qui et excepteur laborum. Occaecat pariatur irure et adipisicing non cupidatat quis in."
        }
    },
    {
        "model": "technology_radar.blip",
        "pk": 14,
        "fields": {
            "created": "2016-02-14T11:13:27Z",
            "modified": "2016-02-14T11:14:44.621Z",
            "area": 3,
            "radar": 1,
            "status": 4,
            "name": "irure laboris",
            "slug": "irure-laboris",
            "body": "Id nulla consectetur labore sit consequat esse sit adipisicing culpa aliqua veniam. Velit id qui velit esse Lorem eu eiusmod minim nostrud ea. Labore ut deserunt ut dolore nisi et fugiat occaecat. Do ad incididunt quis exercitation tempor dolore sunt voluptate laboris adipisicing voluptate dolore tempor amet."
        }
    },
    {
        "model": "technology_radar.blip",
        "pk": 15,
        "fields": {
            "created": "2016-02-14T11:13:27Z",
            "modified": "2016-02-14T11:14:44.624Z",
            "area": 1,
            "radar": 1,
            "status": 2,
            "name": "qui culpa",
            "slug": "qui-culpa",
            "body": "Culpa eiusmod proident sint eiusmod pariatur dolore dolore tempor amet nulla excepteur nulla Lorem reprehenderit. Consectetur id laboris laborum dolore mollit laborum duis qui velit cillum. Reprehenderit cupidatat in cupidatat Lorem duis ex. Exercitation fugiat ea do do velit amet minim voluptate."
        }
    },
    {
        "model": "technology_radar.blip",
        "pk": 16,
        "fields": {
            "created": "2016-02-14T11:13:27Z",
            "modified": "2016-02-14T11:14:44.626Z",
            "area": 3,
            "radar": 1,
            "status": 2,
            "name": "velit consectetur",
            "slug": "velit-consectetur",
            "body": "Veniam mollit dolore dolor eiusmod labore minim. Fugiat deserunt incididunt anim eiusmod. Laborum occaecat sit nulla officia laborum ad mollit deserunt. Voluptate Lorem veniam labore labore velit pariatur sit sit labore excepteur sint magna aliquip."
        }
    },
    {
        "model": "technology_radar.blip",
        "pk": 17,
        "fields": {
            "created": "2016-02-14T11:13:27Z",
            "modified": "2016-02-14T11:14:44.629Z",
            "area": 1,
            "radar": 1,
            "status": 1,
            "name": "sit cupidatat",
            "slug": "sit-cupidatat",
            "body": "Id aute cillum do cupidatat in sint. Officia laborum ex reprehenderit irure. Laborum aliqua in ad labore incididunt consectetur magna pariatur ipsum veniam. Deserunt anim reprehenderit est laborum proident laborum velit culpa ex."
        }
    },
    {
        "model": "technology_radar.blip",
        "pk": 18,
        "fields": {
            "created": "2016-02-14T11:13:27Z",
            "modified": "2016-02-14T11:14:44.632Z",
            "area": 3,
            "radar": 1,
            "status": 4,
            "name": "mollit consectetur",
            "slug": "mollit-consectetur",
            "body": "Nostrud amet ullamco excepteur adipisicing. Consequat dolor laborum incididunt consectetur enim aliquip commodo sint qui. Incididunt adipisicing consectetur dolore commodo irure incididunt aliquip esse aute sunt esse exercitation anim. Ut magna officia adipisicing ullamco aliquip."
        }
    },
    {
        "model": "technology_radar.blip",
        "pk": 19,
        "fields": {
            "created": "2016-02-14T11:13:27Z",
            "modified": "2016-02-14T11:14:44.635Z",
            "area": 3,
            "radar": 1,
            "status": 4,
            "name": "amet quis",
            "slug": "amet-quis",
            "body": "Consectetur aute commodo cillum velit duis anim mollit est mollit mollit dolore. Esse in nulla deserunt officia sit sint non tempor fugiat in laboris velit aliqua non. Ad sint aute dolore laboris commodo tempor. Ea veniam labore aute ad eu pariatur cillum ea exercitation dolore aliqua."
        }
    },
    {
        "model": "technology_radar.blip",
        "pk": 20,
        "fields": {
            "created": "2016-02-14T11:13:27Z",
            "modified": "2016-02-14T11:14:44.637Z",
            "area": 4,
            "radar": 1,
            "status": 4,
            "name": "aliquip consequat",
            "slug": "aliquip-consequat",
            "body": "Enim excepteur amet quis id consequat nostrud pariatur exercitation non laboris. Ipsum veniam amet ad reprehenderit laborum cupidatat ad dolore. Nulla officia magna pariatur deserunt quis sint mollit mollit esse exercitation tempor velit. Cillum esse eiusmod ipsum excepteur fugiat."
        }
    },
    {
        "model": "technology_radar.blip",
        "pk": 21,
        "fields": {
            "created": "2016-02-14T11:13:27Z",
            "modified": "2016-02-14T11:14:44.640Z",
            "area": 3,
            "radar": 1,
            "status": 1,
            "name": "proident proident",
            "slug": "proident-proident",
            "body": "Dolor excepteur minim commodo officia sint commodo mollit aliquip in fugiat. Laborum esse in ea laborum minim eu exercitation velit magna commodo esse incididunt. Sit in et dolor cillum dolore magna deserunt tempor eu magna reprehenderit cupidatat non dolore. Qui fugiat velit qui non cupidatat incididunt consectetur nisi labore commodo sunt officia."
        }
    },
    {
        "model": "technology_radar.blip",
        "pk": 22,
        "fields": {
            "created": "2016-02-14T11:13:27Z",
            "modified": "2016-02-14T11:14:44.642Z",
            "area": 2,
            "radar": 1,
            "status": 3,
            "name": "fugiat dolor",
            "slug": "fugiat-dolor",
            "body": "Nostrud deserunt esse et commodo reprehenderit laboris reprehenderit mollit proident officia sit reprehenderit magna. Minim deserunt deserunt elit aliquip magna in proident sunt ipsum ullamco occaecat aute pariatur. Proident exercitation dolor dolor commodo ea in voluptate eiusmod laborum nulla. Eu nulla id sint adipisicing magna in exercitation magna occaecat ad laborum eu elit."
        }
    },
    {
        "model": "technology_radar.blip",
        "pk": 23,
        "fields": {
            "created": "2016-02-14T11:13:27Z",
            "modified": "2016-02-14T11:14:44.645Z",
            "area": 2,
            "radar": 1,
            "status": 1,
            "name": "enim ex",
            "slug": "enim-ex",
            "body": "Do ipsum non excepteur amet ad consequat exercitation. Consectetur commodo officia quis laborum. Sunt enim non et ex sunt dolor. Exercitation adipisicing ex aliquip eiusmod nisi incididunt occaecat magna laboris."
        }
    },
    {
        "model": "technology_radar.blip",
        "pk": 24,
        "fields": {
            "created": "2016-02-14T11:13:27Z",
            "modified": "2016-02-14T11:14:44.648Z",
            "area": 2,
            "radar": 1,
            "status": 3,
            "name": "reprehenderit ad",
            "slug": "reprehenderit-ad",
            "body": "Magna dolor incididunt fugiat proident dolore dolor ad pariatur dolore pariatur sunt enim labore. Sunt ad amet sunt ex dolore velit qui in esse. Fugiat velit est exercitation elit anim tempor eiusmod duis velit cupidatat occaecat ipsum Lorem proident. Ipsum tempor fugiat sint aliquip dolor."
        }
    },
    {
        "model": "technology_radar.blip",
        "pk": 25,
        "fields": {
            "created": "2016-02-14T11:13:27Z",
            "modified": "2016-02-14T11:14:44.650Z",
            "area": 3,
            "radar": 1,
            "status": 3,
            "name": "tempor nulla",
            "slug": "tempor-nulla",
            "body": "Labore Lorem ex consequat aliquip tempor. In anim id sint occaecat minim reprehenderit minim enim aliqua magna pariatur. Nostrud id ut reprehenderit exercitation eiusmod adipisicing ut do excepteur. Occaecat esse consequat consectetur fugiat."
        }
    },
    {
        "model": "technology_radar.blip",
        "pk": 26,
        "fields": {
            "created": "2016-02-14T11:13:27Z",
            "modified": "2016-02-14T11:14:44.653Z",
            "area": 2,
            "radar": 1,
            "status": 1,
            "name": "velit laborum",
            "slug": "velit-laborum",
            "body": "Consequat cupidatat duis deserunt exercitation laborum cillum non adipisicing eiusmod. Ut cillum pariatur culpa sunt duis id sint mollit reprehenderit sint sit nulla ut. Elit magna nulla irure dolore enim anim. Aute laboris sint laborum non quis excepteur laboris ut labore cupidatat ullamco velit."
        }
    },
    {
        "model": "technology_radar.blip",
        "pk": 27,
        "fields": {
            "created": "2016-02-14T11:13:27Z",
            "modified": "2016-02-14T11:14:44.656Z",
            "area": 1,
            "radar": 1,
            "status": 4,
            "name": "commodo labore",
            "slug": "commodo-labore",
            "body": "Cupidatat eiusmod qui sint adipisicing sint veniam consequat veniam cupidatat elit est aliquip qui incididunt. Nisi ad id culpa laboris proident labore. Labore pariatur officia incididunt ad aute fugiat eu non deserunt quis et laboris proident. Amet sint cupidatat incididunt minim fugiat enim labore veniam laborum proident sint dolor."
        }
    },
    {
        "model": "technology_radar.blip",
        "pk": 28,
        "fields": {
            "created": "2016-02-14T11:13:28Z",
            "modified": "2016-02-14T11:14:44.658Z",
            "area": 1,
            "radar": 1,
            "status": 1,
            "name": "id nostrud",
            "slug": "id-nostrud",
            "body": "Culpa nostrud qui enim voluptate eiusmod eu ex magna anim do excepteur. Minim dolor excepteur culpa nulla cillum mollit anim esse reprehenderit quis irure incididunt quis quis. Labore minim pariatur velit occaecat labore. Occaecat excepteur irure ad Lorem magna elit consequat dolore mollit eiusmod elit."
        }
    },
    {
        "model": "technology_radar.blip",
        "pk": 29,
        "fields": {
            "created": "2016-02-14T11:13:28Z",
            "modified": "2016-02-14T11:14:44.661Z",
            "area": 3,
            "radar": 1,
            "status": 4,
            "name": "do irure",
            "slug": "do-irure",
            "body": "Sint dolor non qui excepteur pariatur commodo tempor Lorem aute nostrud laborum dolor anim. Magna nostrud enim ullamco aliquip ea id. Fugiat in velit et proident occaecat Lorem aliquip dolor ut dolore in. Et anim commodo cillum eu cupidatat voluptate sint est."
        }
    },
    {
        "model": "technology_radar.blip",
        "pk": 30,
        "fields": {
            "created": "2016-02-14T11:13:28Z",
            "modified": "2016-02-14T11:14:44.664Z",
            "area": 2,
            "radar": 1,
            "status": 2,
            "name": "ad occaecat",
            "slug": "ad-occaecat",
            "body": "Tempor nulla ut fugiat do id culpa irure. Exercitation cillum deserunt nostrud sunt non do minim in consequat non labore. Laboris dolor cillum mollit laborum. Eiusmod sint fugiat ex minim consectetur nulla."
        }
    },
    {
        "model": "technology_radar.blip",
        "pk": 31,
        "fields": {
            "created": "2016-02-14T11:13:28Z",
            "modified": "2016-02-14T11:14:44.667Z",
            "area": 2,
            "radar": 1,
            "status": 1,
            "name": "Lorem sint",
            "slug": "lorem-sint",
            "body": "Mollit consequat minim excepteur in nulla cillum est amet non ad sint. Esse ad voluptate non eiusmod sunt culpa officia aliquip. Occaecat anim officia dolore ut quis. Laborum duis eiusmod et quis sint sunt pariatur."
        }
    },
    {
        "model": "technology_radar.blip",
        "pk": 32,
        "fields": {
            "created": "2016-02-14T11:13:28Z",
            "modified": "2016-02-14T11:14:44.670Z",
            "area": 3,
            "radar": 1,
            "status": 3,
            "name": "deserunt cillum",
            "slug": "deserunt-cillum",
            "body": "Id excepteur nisi aute officia sint velit sunt et occaecat minim tempor id velit ut. Qui voluptate esse sit reprehenderit sit excepteur eiusmod Lorem nisi cillum mollit laborum eiusmod irure. Consectetur ullamco est minim eiusmod voluptate et irure labore et labore voluptate magna aute. Ullamco enim ipsum non exercitation culpa officia duis cupidatat."
        }
    },
    {
        "model": "technology_radar.blip",
        "pk": 33,
        "fields": {
            "created": "2016-02-14T11:13:28Z",
            "modified": "2016-02-14T11:14:44.673Z",
            "area": 3,
            "radar": 1,
            "status": 2,
            "name": "minim ipsum",
            "slug": "minim-ipsum",
            "body": "Magna proident anim ullamco dolor. Excepteur qui incididunt enim magna. Incididunt culpa fugiat exercitation elit laboris laboris voluptate tempor fugiat ea elit aliqua. Occaecat eu excepteur non incididunt aute irure magna adipisicing."
        }
    },
    {
        "model": "technology_radar.blip",
        "pk": 34,
        "fields": {
            "created": "2016-02-14T11:13:28Z",
            "modified": "2016-02-14T11:14:44.675Z",
            "area": 2,
            "radar": 1,
            "status": 4,
            "name": "esse incididunt",
            "slug": "esse-incididunt",
            "body": "In quis non dolore nisi commodo id aliquip occaecat adipisicing qui laborum sit occaecat occaecat. Ipsum deserunt tempor irure excepteur exercitation aliquip anim culpa Lorem exercitation veniam consequat laboris id. Quis do occaecat velit sint incididunt quis amet sint fugiat ullamco excepteur voluptate. Irure eu pariatur fugiat nisi consequat nostrud aliqua nulla esse ipsum enim."
        }
    },
    {
        "model": "technology_radar.blip",
        "pk": 35,
        "fields": {
            "created": "2016-02-14T11:13:28Z",
            "modified": "2016-02-14T11:14:44.678Z",
            "area": 1,
            "radar": 1,
            "status": 4,
            "name": "nulla mollit",
            "slug": "nulla-mollit",
            "body": "Lorem elit deserunt anim do eiusmod in exercitation incididunt commodo sit. Irure officia Lorem ea Lorem. Sit do eiusmod irure pariatur ad cupidatat eiusmod laborum enim fugiat. Sit ut veniam velit laboris aute elit."
        }
    },
    {
        "model": "technology_radar.blip",
        "pk": 36,
        "fields": {
            "created": "2016-02-14T11:13:28Z",
            "modified": "2016-02-14T11:14:44.681Z",
            "area": 3,
            "radar": 1,
            "status": 2,
            "name": "duis sit",
            "slug": "duis-sit",
            "body": "Velit aute eu nostrud Lorem reprehenderit. Ipsum eu aliqua nulla esse ipsum sit anim. Proident Lorem dolor laborum minim. Sit exercitation excepteur nulla enim tempor eiusmod anim."
        }
    },
    {
        "model": "technology_radar.blip",
        "pk": 37,
        "fields": {
            "created": "2016-02-14T11:13:28Z",
            "modified": "2016-02-14T11:14:44.683Z",
            "area": 1,
            "radar": 1,
            "status": 3,
            "name": "nisi exercitation",
            "slug": "nisi-exercitation",
            "body": "Est sint cillum consectetur dolore cillum consequat cupidatat minim. Commodo nisi do ipsum tempor. Lorem minim laborum quis elit qui labore laboris exercitation ut. Anim proident deserunt duis est labore laboris occaecat deserunt id."
        }
    },
    {
        "model": "technology_radar.blip",
        "pk": 38,
        "fields": {
            "created": "2016-02-14T11:13:28Z",
            "modified": "2016-02-14T11:14:44.686Z",
            "area": 2,
            "radar": 1,
            "status": 3,
            "name": "aliquip labore",
            "slug": "aliquip-labore",
            "body": "Nisi proident laborum ex sunt veniam Lorem aliqua. Proident in et non mollit ea duis. Qui ad consequat aliquip ipsum nulla velit aliquip consequat eu. Amet non nostrud aliquip ea sunt nisi sint culpa id."
        }
    },
    {
        "model": "technology_radar.blip",
        "pk": 39,
        "fields": {
            "created": "2016-02-14T11:13:28Z",
            "modified": "2016-02-14T11:14:44.689Z",
            "area": 1,
            "radar": 1,
            "status": 3,
            "name": "consectetur pariatur",
            "slug": "consectetur-pariatur",
            "body": "Laboris nisi est aute reprehenderit voluptate eu id do amet laboris amet. Cupidatat consectetur anim magna deserunt. Est id mollit quis est duis sunt commodo et minim et esse id. Sint adipisicing occaecat sint tempor fugiat deserunt quis do cupidatat."
        }
    },
    {
        "model": "technology_radar.blip",
        "pk": 40,
        "fields": {
            "created": "2016-02-14T11:13:28Z",
            "modified": "2016-02-14T11:14:44.691Z",
            "area": 3,
            "radar": 1,
            "status": 1,
            "name": "do ex",
            "slug": "do-ex",
            "body": "Et consectetur eiusmod aliquip ullamco dolore esse aliqua. Et voluptate id ex labore laboris laborum irure sit adipisicing incididunt esse elit. Culpa nisi dolore sint adipisicing excepteur sint irure ipsum reprehenderit esse incididunt cillum. Ut ad consectetur non reprehenderit minim."
        }
    },
    {
        "model": "technology_radar.blip",
        "pk": 41,
        "fields": {
            "created": "2016-02-14T11:13:28Z",
            "modified": "2016-02-14T11:14:44.694Z",
            "area": 3,
            "radar": 1,
            "status": 4,
            "name": "quis laborum",
            "slug": "quis-laborum",
            "body": "Aute aliqua enim Lorem sint amet nisi aliquip anim consectetur. Nulla amet exercitation nulla eiusmod laboris incididunt. Aute minim aute incididunt ad consequat esse laboris. Tempor duis veniam mollit adipisicing duis."
        }
    },
    {
        "model": "technology_radar.blip",
        "pk": 42,
        "fields": {
            "created": "2016-02-14T11:13:28Z",
            "modified": "2016-02-14T11:14:44.697Z",
            "area": 1,
            "radar": 1,
            "status": 3,
            "name": "aliquip sint",
            "slug": "aliquip-sint",
            "body": "Exercitation ad elit aute tempor eu id eu do magna pariatur occaecat ullamco duis veniam. Laboris nostrud duis aliquip occaecat duis ullamco minim in proident magna fugiat quis occaecat. Minim fugiat consequat quis ex. Ex consequat exercitation ad laborum veniam amet elit eiusmod minim."
        }
    },
    {
        "model": "technology_radar.blip",
        "pk": 43,
        "fields": {
            "created": "2016-02-14T11:13:28Z",
            "modified": "2016-02-14T11:14:44.699Z",
            "area": 4,
            "radar": 1,
            "status": 2,
            "name": "proident aute",
            "slug": "proident-aute",
            "body": "Magna nostrud dolore ut eiusmod. Consectetur consequat eu ullamco mollit esse incididunt incididunt dolor non qui adipisicing. Labore ad consectetur do officia nulla irure minim occaecat. Et nisi commodo laborum ut."
        }
    },
    {
        "model": "technology_radar.blip",
        "pk": 44,
        "fields": {
            "created": "2016-02-14T11:13:28Z",
            "modified": "2016-02-14T11:14:44.702Z",
            "area": 1,
            "radar": 1,
            "status": 4,
            "name": "do et",
            "slug": "do-et",
            "body": "Et velit non et incididunt elit laborum anim nulla culpa laborum ad commodo quis id. Esse amet Lorem laboris eu nulla est cillum adipisicing excepteur ea et irure laborum. In minim est eu deserunt deserunt enim. Dolore nostrud aliquip commodo labore."
        }
    },
    {
        "model": "technology_radar.blip",
        "pk": 45,
        "fields": {
            "created": "2016-02-14T11:13:28Z",
            "modified": "2016-02-14T11:14:44.704Z",
            "area": 3,
            "radar": 1,
            "status": 2,
            "name": "sit reprehenderit",
            "slug": "sit-reprehenderit",
            "body": "Adipisicing tempor laborum enim ea consequat proident enim eu non ad id magna pariatur reprehenderit. Cillum qui ipsum ex ad proident. Deserunt aliqua ex eu laboris et excepteur pariatur ex non consectetur. Nostrud tempor labore aute irure nostrud veniam reprehenderit aliquip eiusmod."
        }
    },
    {
        "model": "technology_radar.blip",
        "pk": 46,
        "fields": {
            "created": "2016-02-14T11:13:28Z",
            "modified": "2016-02-14T11:14:44.707Z",
            "area": 4,
            "radar": 1,
            "status": 2,
            "name": "nisi ad",
            "slug": "nisi-ad",
            "body": "Culpa ea quis deserunt ad. Eu aute tempor aliquip laborum culpa id ad cupidatat adipisicing fugiat mollit. Commodo duis ea nostrud in labore ex sit duis ut consequat velit est. Nostrud nostrud enim adipisicing proident magna in."
        }
    },
    {
        "model": "technology_radar.blip",
        "pk": 47,
        "fields": {
            "created": "2016-02-14T11:13:28Z",
            "modified": "2016-02-14T11:14:44.710Z",
            "area": 1,
            "radar": 1,
            "status": 4,
            "name": "culpa eu",
            "slug": "culpa-eu",
            "body": "Officia ea occaecat laboris minim do adipisicing ad aliquip veniam aute fugiat nisi. Officia fugiat do deserunt enim do adipisicing laborum aliqua fugiat. Ea excepteur proident sit sunt laboris quis ad duis eu aliquip consectetur non id commodo. Officia dolor officia ad aliqua eiusmod aliqua ipsum excepteur culpa deserunt ad."
        }
    },
    {
        "model": "technology_radar.blip",
        "pk": 48,
        "fields": {
            "created": "2016-02-14T11:13:28Z",
            "modified": "2016-02-14T11:14:44.712Z",
            "area": 2,
            "radar": 1,
            "status": 1,
            "name": "consectetur Lorem",
            "slug": "consectetur-lorem",
            "body": "Tempor laborum aliquip excepteur quis duis nulla aliquip laboris cillum id incididunt. Deserunt proident irure ipsum sunt do Lorem ex amet. Adipisicing consectetur occaecat veniam sunt pariatur elit et veniam tempor nisi quis culpa. Excepteur enim culpa elit ex consequat amet non qui magna commodo."
        }
    },
    {
        "model": "technology_radar.blip",
        "pk": 49,
        "fields": {
            "created": "2016-02-14T11:13:28Z",
            "modified": "2016-02-14T11:14:44.715Z",
            "area": 1,
            "radar": 1,
            "status": 1,
            "name": "quis irure",
            "slug": "quis-irure",
            "body": "Enim amet occaecat fugiat consectetur id ad voluptate pariatur nulla ea duis dolore in occaecat. Reprehenderit nisi incididunt nostrud in amet tempor ex laboris non exercitation cupidatat. Cillum exercitation commodo aliqua incididunt ex cillum. Laboris quis incididunt esse et tempor esse dolore."
        }
    },
    {
        "model": "technology_radar.blip",
        "pk": 50,
        "fields": {
            "created": "2016-02-14T11:13:28Z",
            "modified": "2016-02-14T11:14:44.718Z",
            "area": 2,
            "radar": 1,
            "status": 1,
            "name": "elit nulla",
            "slug": "elit-nulla",
            "body": "Ex cillum cupidatat cillum aliqua occaecat nostrud nulla minim excepteur labore dolor sint cillum ipsum. Cillum exercitation sunt elit ex duis anim eiusmod minim deserunt. Est anim occaecat officia consequat voluptate esse aliqua. Dolore consequat ad sunt amet ea."
        }
    },
    {
        "model": "technology_radar.blip",
        "pk": 51,
        "fields": {
            "created": "2016-02-14T11:13:28Z",
            "modified": "2016-02-14T11:14:44.720Z",
            "area": 1,
            "radar": 1,
            "status": 4,
            "name": "laborum irure",
            "slug": "laborum-irure",
            "body": "Deserunt proident dolore aliquip ipsum ex mollit quis ut sunt pariatur. Exercitation voluptate cillum excepteur eiusmod culpa velit anim do ullamco adipisicing elit. Cillum pariatur eu consectetur sunt. Ullamco non dolor ullamco ipsum sint ea et do elit non cillum sint."
        }
    },
    {
        "model": "technology_radar.blip",
        "pk": 52,
        "fields": {
            "created": "2016-02-14T11:13:28Z",
            "modified": "2016-02-14T11:14:44.723Z",
            "area": 2,
            "radar": 1,
            "status": 4,
            "name": "duis eiusmod",
            "slug": "duis-eiusmod",
            "body": "Sunt occaecat ullamco ipsum nisi cillum esse dolore id mollit. Ullamco minim enim nostrud cupidatat ad duis. Laboris esse esse dolore deserunt fugiat duis. Tempor anim et anim amet consectetur sint qui Lorem."
        }
    },
    {
        "model": "technology_radar.blip",
        "pk": 53,
        "fields": {
            "created": "2016-02-14T11:13:28Z",
            "modified": "2016-02-14T11:14:44.726Z",
            "area": 4,
            "radar": 1,
            "status": 4,
            "name": "adipisicing adipisicing",
            "slug": "adipisicing-adipisicing",
            "body": "Cupidatat do aute aute cillum voluptate consequat mollit sit consectetur minim. Proident ex ipsum consequat excepteur minim elit laboris cillum consequat eiusmod cupidatat ullamco ipsum. Et officia aute cupidatat adipisicing non aliqua id duis laborum laborum veniam aute pariatur. Consequat nisi tempor enim sit."
        }
    },
    {
        "model": "technology_radar.blip",
        "pk": 54,
        "fields": {
            "created": "2016-02-14T11:13:28Z",
            "modified": "2016-02-14T11:14:44.728Z",
            "area": 1,
            "radar": 1,
            "status": 4,
            "name": "ex deserunt",
            "slug": "ex-deserunt",
            "body": "Sit reprehenderit mollit eu enim. Laborum ullamco velit cillum ad Lorem irure velit aute cillum amet voluptate aliqua aliqua. Culpa fugiat ex ad consequat cupidatat reprehenderit proident nostrud cupidatat et ea minim. Non proident sint laborum deserunt qui deserunt qui dolor adipisicing in."
        }
    },
    {
        "model": "technology_radar.blip",
        "pk": 55,
        "fields": {
            "created": "2016-02-14T11:13:28Z",
            "modified": "2016-02-14T11:14:44.731Z",
            "area": 3,
            "radar": 1,
            "status": 1,
            "name": "cillum aliquip",
            "slug": "cillum-aliquip",
            "body": "Mollit est dolor ut occaecat deserunt quis pariatur aliqua incididunt consequat excepteur in tempor irure. Esse deserunt non laborum id reprehenderit ut est aliquip commodo. Do commodo proident consectetur commodo non cillum tempor reprehenderit. Qui amet mollit labore aliquip qui non consectetur consequat dolor."
        }
    },
    {
        "model": "technology_radar.blip",
        "pk": 56,
        "fields": {
            "created": "2016-02-14T11:13:28Z",
            "modified": "2016-02-14T11:14:44.733Z",
            "area": 3,
            "radar": 1,
            "status": 2,
            "name": "proident consectetur",
            "slug": "proident-consectetur",
            "body": "Irure aliquip laborum nisi ea. Sit elit voluptate magna cillum sit est sint nisi. Lorem ex incididunt aliquip labore sit sit ipsum magna. Velit magna est ullamco incididunt tempor incididunt quis adipisicing do mollit incididunt consequat laboris proident."
        }
    },
    {
        "model": "technology_radar.blip",
        "pk": 57,
        "fields": {
            "created": "2016-02-14T11:13:28Z",
            "modified": "2016-02-14T11:14:44.736Z",
            "area": 4,
            "radar": 1,
            "status": 4,
            "name": "irure ut",
            "slug": "irure-ut",
            "body": "Tempor aliquip enim quis duis fugiat magna incididunt ea labore eu adipisicing do. Ullamco elit excepteur id commodo ea elit irure laborum laborum sint est. Adipisicing velit fugiat ipsum nostrud nostrud. Ad voluptate mollit labore dolore Lorem duis ullamco."
        }
    },
    {
        "model": "technology_radar.blip",
        "pk": 58,
        "fields": {
            "created": "2016-02-14T11:13:28Z",
            "modified": "2016-02-14T11:14:44.738Z",
            "area": 2,
            "radar": 1,
            "status": 1,
            "name": "cupidatat elit",
            "slug": "cupidatat-elit",
            "body": "Ad magna labore dolor ut minim duis eu ad aliqua cillum ullamco tempor ut sint. Qui aute ad excepteur ex proident do sit nisi duis cillum anim ipsum ad sunt. Veniam proident aliqua eiusmod ad ut consequat. Minim consectetur eiusmod esse Lorem ex id cupidatat aliquip aliquip anim dolor."
        }
    },
    {
        "model": "technology_radar.blip",
        "pk": 59,
        "fields": {
            "created": "2016-02-14T11:13:28Z",
            "modified": "2016-02-14T11:14:44.741Z",
            "area": 4,
            "radar": 1,
            "status": 3,
            "name": "ipsum incididunt",
            "slug": "ipsum-incididunt",
            "body": "Incididunt culpa ex officia minim amet. Mollit voluptate anim excepteur aliqua non non fugiat non officia. Ea nisi laboris consequat commodo reprehenderit esse esse consequat. Qui officia sint esse irure ut eu in."
        }
    },
    {
        "model": "technology_radar.blip",
        "pk": 60,
        "fields": {
            "created": "2016-02-14T11:13:28Z",
            "modified": "2016-02-14T11:14:44.744Z",
            "area": 4,
            "radar": 1,
            "status": 4,
            "name": "eu sunt",
            "slug": "eu-sunt",
            "body": "Proident culpa cupidatat id tempor Lorem deserunt nisi proident. Nisi proident id do enim commodo culpa reprehenderit. Officia laborum proident laborum laboris. Tempor dolor proident enim nisi aliqua laboris proident cillum irure."
        }
    },
    {
        "model": "technology_radar.blip",
        "pk": 61,
        "fields": {
            "created": "2016-02-14T11:13:28Z",
            "modified": "2016-02-14T11:14:44.746Z",
            "area": 2,
            "radar": 1,
            "status": 1,
            "name": "ut nisi",
            "slug": "ut-nisi",
            "body": "Ea laboris non commodo reprehenderit excepteur. Eu anim consequat ex velit nisi ut aliqua enim ea veniam tempor dolor eiusmod sint. Veniam laborum irure ad anim aliquip mollit anim cillum aliqua enim esse irure. Labore nulla do sint laborum consequat fugiat eu cupidatat aliquip eiusmod dolor ex excepteur incididunt."
        }
    },
    {
        "model": "technology_radar.blip",
        "pk": 62,
        "fields": {
            "created": "2016-02-14T11:13:28Z",
            "modified": "2016-02-14T11:14:44.749Z",
            "area": 4,
            "radar": 1,
            "status": 4,
            "name": "qui ullamco",
            "slug": "qui-ullamco",
            "body": "Lorem sit aute nulla nisi. Enim cupidatat non sint elit voluptate excepteur. Sit occaecat elit eiusmod cupidatat esse anim do ea aliqua incididunt ullamco fugiat sunt nostrud. Ut sint nostrud laboris proident cillum."
        }
    },
    {
        "model": "technology_radar.blip",
        "pk": 63,
        "fields": {
            "created": "2016-02-14T11:13:28Z",
            "modified": "2016-02-14T11:14:44.751Z",
            "area": 2,
            "radar": 1,
            "status": 3,
            "name": "enim laborum",
            "slug": "enim-laborum",
            "body": "Velit in sit consectetur officia qui consectetur voluptate in dolor ad. Tempor nostrud nulla ad elit sint anim voluptate nostrud eiusmod incididunt. Officia eu quis esse ullamco nulla sunt incididunt tempor adipisicing ut labore nostrud fugiat minim. Nostrud mollit Lorem nisi laboris deserunt labore aliquip sunt qui reprehenderit non sit in exercitation."
        }
    },
    {
        "model": "technology_radar.blip",
        "pk": 64,
        "fields": {
            "created": "2016-02-14T11:13:28Z",
            "modified": "2016-02-14T11:14:44.754Z",
            "area": 3,
            "radar": 1,
            "status": 3,
            "name": "sit duis",
            "slug": "sit-duis",
            "body": "Laborum aliqua enim consequat tempor sint est laboris sunt eiusmod reprehenderit deserunt ut mollit. Ut fugiat aliqua consequat ex. Sunt officia do in voluptate pariatur sit. Irure elit mollit commodo consequat non consequat."
        }
    },
    {
        "model": "technology_radar.blip",
        "pk": 65,
        "fields": {
            "created": "2016-02-14T11:13:28Z",
            "modified": "2016-02-14T11:14:44.757Z",
            "area": 1,
            "radar": 1,
            "status": 3,
            "name": "irure in",
            "slug": "irure-in",
            "body": "Irure amet nisi quis ad nulla exercitation do ex aliquip Lorem adipisicing. Exercitation tempor anim aliqua laborum in sunt duis irure deserunt. Enim exercitation nostrud eiusmod deserunt aliquip nostrud dolor. Aliqua esse incididunt veniam laboris reprehenderit ut non dolor."
        }
    },
    {
        "model": "technology_radar.blip",
        "pk": 66,
        "fields": {
            "created": "2016-02-14T11:13:28Z",
            "modified": "2016-02-14T11:14:44.759Z",
            "area": 4,
            "radar": 1,
            "status": 3,
            "name": "consequat ad",
            "slug": "consequat-ad",
            "body": "Reprehenderit sunt eu proident laborum commodo consectetur aute enim minim consectetur. Laborum eu nisi amet aliqua amet nulla velit elit. Minim ea voluptate do quis exercitation sint cupidatat qui quis amet et et veniam. Tempor tempor duis in culpa culpa sit."
        }
    },
    {
        "model": "technology_radar.blip",
        "pk": 67,
        "fields": {
            "created": "2016-02-14T11:13:28Z",
            "modified": "2016-02-14T11:14:44.762Z",
            "area": 3,
            "radar": 1,
            "status": 2,
            "name": "sunt ipsum",
            "slug": "sunt-ipsum",
            "body": "Officia sunt veniam sint et ut consectetur nulla. Dolor incididunt reprehenderit laboris consectetur cupidatat in consequat officia. In ullamco reprehenderit aliqua dolore excepteur consequat. Et fugiat ad cupidatat laborum adipisicing culpa laborum laborum consequat aliquip tempor esse cupidatat."
        }
    },
    {
        "model": "technology_radar.blip",
        "pk": 68,
        "fields": {
            "created": "2016-02-14T11:13:28Z",
            "modified": "2016-02-14T11:14:44.765Z",
            "area": 2,
            "radar": 1,
            "status": 2,
            "name": "Lorem anim",
            "slug": "lorem-anim",
            "body": "Proident veniam reprehenderit occaecat velit aliqua incididunt do magna nulla eu. Minim veniam aliqua excepteur aute esse sunt id ex quis cillum cillum excepteur magna. Dolore qui deserunt anim labore minim consequat tempor aute mollit cillum in. Exercitation ipsum quis sit irure laboris."
        }
    },
    {
        "model": "technology_radar.blip",
        "pk": 69,
        "fields": {
            "created": "2016-02-14T11:13:28Z",
            "modified": "2016-02-14T11:14:44.767Z",
            "area": 4,
            "radar": 1,
            "status": 2,
            "name": "fugiat ut",
            "slug": "fugiat-ut",
            "body": "Exercitation dolor laborum cupidatat occaecat mollit voluptate non non voluptate ullamco esse anim et. Sit sint esse duis laborum exercitation ex sit. Elit est aliquip aute ipsum proident consectetur tempor anim duis. Ad proident in amet esse nulla est cillum aute tempor."
        }
    },
    {
        "model": "technology_radar.blip",
        "pk": 70,
        "fields": {
            "created": "2016-02-14T11:13:28Z",
            "modified": "2016-02-14T11:14:44.770Z",
            "area": 3,
            "radar": 1,
            "status": 3,
            "name": "cupidatat veniam",
            "slug": "cupidatat-veniam",
            "body": "Culpa nostrud exercitation amet non ea consequat officia velit incididunt proident. Magna aliquip dolor tempor duis ad sint culpa aliquip. Anim eiusmod do tempor est eiusmod adipisicing mollit id aliquip ea duis officia. Officia sit sint ipsum ipsum cupidatat et occaecat."
        }
    },
    {
        "model": "technology_radar.blip",
        "pk": 71,
        "fields": {
            "created": "2016-02-14T11:13:28Z",
            "modified": "2016-02-14T11:14:44.772Z",
            "area": 4,
            "radar": 1,
            "status": 1,
            "name": "officia aliqua",
            "slug": "officia-aliqua",
            "body": "Anim et dolore qui id velit dolor occaecat ea cupidatat qui adipisicing. Magna sit tempor ad incididunt amet eiusmod ipsum et aliquip adipisicing non. Sit excepteur labore laborum laborum proident et occaecat ut cupidatat est ea in sit veniam. Duis reprehenderit nisi nostrud aliqua cupidatat eu."
        }
    },
    {
        "model": "technology_radar.blip",
        "pk": 72,
        "fields": {
            "created": "2016-02-14T11:13:28Z",
            "modified": "2016-02-14T11:14:44.775Z",
            "area": 1,
            "radar": 1,
            "status": 3,
            "name": "Lorem culpa",
            "slug": "lorem-culpa",
            "body": "Esse ut ullamco veniam proident quis ipsum aute et. Et mollit sint cupidatat cillum fugiat. Amet veniam consequat enim elit sunt excepteur. Commodo quis velit nulla laboris enim consequat non."
        }
    },
    {
        "model": "technology_radar.blip",
        "pk": 73,
        "fields": {
            "created": "2016-02-14T11:13:28Z",
            "modified": "2016-02-14T11:14:44.778Z",
            "area": 2,
            "radar": 1,
            "status": 4,
            "name": "nostrud culpa",
            "slug": "nostrud-culpa",
            "body": "Excepteur eiusmod nisi ad velit reprehenderit. Cupidatat ea nulla nisi amet commodo ullamco ullamco cillum dolor dolore mollit sit exercitation occaecat. Commodo fugiat enim pariatur sit pariatur ex eu cillum cupidatat deserunt in do. Consectetur excepteur ea excepteur adipisicing pariatur reprehenderit est."
        }
    },
    {
        "model": "technology_radar.blip",
        "pk": 74,
        "fields": {
            "created": "2016-02-14T11:13:28Z",
            "modified": "2016-02-14T11:14:44.780Z",
            "area": 4,
            "radar": 1,
            "status": 4,
            "name": "consequat proident",
            "slug": "consequat-proident",
            "body": "Ea mollit commodo quis quis ea occaecat quis et ullamco. Adipisicing ea pariatur incididunt ea et nisi anim voluptate pariatur. Labore nisi in eiusmod voluptate id. Adipisicing aute labore adipisicing reprehenderit reprehenderit esse elit Lorem nulla ad sunt culpa magna nostrud."
        }
    },
    {
        "model": "technology_radar.blip",
        "pk": 75,
        "fields": {
            "created": "2016-02-14T11:13:28Z",
            "modified": "2016-02-14T11:14:44.783Z",
            "area": 2,
            "radar": 1,
            "status": 1,
            "name": "anim eiusmod",
            "slug": "anim-eiusmod",
            "body": "Sunt enim enim esse exercitation enim reprehenderit ex ex Lorem anim duis eu mollit. Officia anim tempor ea anim magna. Minim sunt exercitation minim labore sit. Ad officia pariatur consectetur elit velit laborum mollit commodo aliqua do sit officia dolor velit."
        }
    },
    {
        "model": "technology_radar.blip",
        "pk": 76,
        "fields": {
            "created": "2016-02-14T11:13:28Z",
            "modified": "2016-02-14T11:14:44.786Z",
            "area": 1,
            "radar": 1,
            "status": 1,
            "name": "amet Lorem",
            "slug": "amet-lorem",
            "body": "Sunt deserunt sunt labore in reprehenderit. Duis dolore ex aliquip est minim. Sint Lorem et magna in. Duis et ad duis ullamco enim occaecat incididunt ut exercitation."
        }
    },
    {
        "model": "technology_radar.blip",
        "pk": 77,
        "fields": {
            "created": "2016-02-14T11:13:28Z",
            "modified": "2016-02-14T11:14:44.788Z",
            "area": 2,
            "radar": 1,
            "status": 2,
            "name": "anim sunt",
            "slug": "anim-sunt",
            "body": "Lorem do id est ipsum pariatur cupidatat nostrud non non. Proident magna deserunt irure id aute proident pariatur nisi consectetur exercitation enim et aliqua eu. Ex labore incididunt dolore consectetur ex aliquip est qui laborum adipisicing minim incididunt deserunt amet. Deserunt nostrud irure laborum esse."
        }
    },
    {
        "model": "technology_radar.blip",
        "pk": 78,
        "fields": {
            "created": "2016-02-14T11:13:28Z",
            "modified": "2016-02-14T11:14:44.791Z",
            "area": 2,
            "radar": 1,
            "status": 1,
            "name": "laborum aliquip",
            "slug": "laborum-aliquip",
            "body": "Amet deserunt voluptate fugiat consequat non dolore duis consequat. Amet id anim in minim sint duis labore consectetur officia laborum sunt sint eiusmod. Veniam dolore voluptate velit enim mollit culpa et laborum. Esse aliquip duis ea non Lorem dolor."
        }
    },
    {
        "model": "technology_radar.blip",
        "pk": 79,
        "fields": {
            "created": "2016-02-14T11:13:28Z",
            "modified": "2016-02-14T11:14:44.793Z",
            "area": 4,
            "radar": 1,
            "status": 1,
            "name": "est reprehenderit",
            "slug": "est-reprehenderit",
            "body": "Sint occaecat do in enim ex ut occaecat dolor amet. Adipisicing ex non amet ullamco exercitation occaecat sit reprehenderit ut cupidatat aute do. Enim consequat nostrud amet veniam esse non velit esse fugiat ullamco fugiat pariatur. Labore non proident minim aute id deserunt dolor cillum labore irure aute."
        }
    },
    {
        "model": "technology_radar.blip",
        "pk": 80,
        "fields": {
            "created": "2016-02-14T11:13:28Z",
            "modified": "2016-02-14T11:14:44.796Z",
            "area": 4,
            "radar": 1,
            "status": 1,
            "name": "officia id",
            "slug": "officia-id",
            "body": "Culpa consequat aliqua veniam laboris laboris dolor nisi eu laborum consequat. Fugiat nisi sit esse aliqua eiusmod excepteur ut exercitation. Elit culpa laborum qui aliqua est incididunt officia eu laborum ex. Dolor fugiat magna ad culpa eu laboris Lorem nisi labore ut ea."
        }
    },
    {
        "model": "technology_radar.blip",
        "pk": 81,
        "fields": {
            "created": "2016-02-14T11:13:28Z",
            "modified": "2016-02-14T11:14:44.799Z",
            "area": 1,
            "radar": 1,
            "status": 1,
            "name": "sit officia",
            "slug": "sit-officia",
            "body": "Laborum ut aliquip in cillum ipsum ea laborum pariatur ullamco. Ex aliquip sint laborum voluptate incididunt. Quis Lorem deserunt incididunt ex labore irure enim ex. Laborum culpa labore minim veniam esse do labore ea cillum laborum culpa tempor dolor tempor."
        }
    },
    {
        "model": "technology_radar.blip",
        "pk": 82,
        "fields": {
            "created": "2016-02-14T11:13:28Z",
            "modified": "2016-02-14T11:14:44.801Z",
            "area": 2,
            "radar": 1,
            "status": 2,
            "name": "tempor elit",
            "slug": "tempor-elit",
            "body": "Aliquip laborum do aute duis labore magna eu sunt commodo nulla. Dolor occaecat do exercitation ullamco laboris irure nisi dolore ad veniam eiusmod. Elit cupidatat cillum ea nulla laboris. Velit anim eiusmod ut pariatur sint anim exercitation in pariatur commodo dolore officia veniam dolore."
        }
    },
    {
        "model": "technology_radar.blip",
        "pk": 83,
        "fields": {
            "created": "2016-02-14T11:13:28Z",
            "modified": "2016-02-14T11:14:44.804Z",
            "area": 1,
            "radar": 1,
            "status": 1,
            "name": "voluptate culpa",
            "slug": "voluptate-culpa",
            "body": "Est esse sunt occaecat consectetur labore eiusmod sunt consectetur incididunt tempor. Lorem mollit nostrud amet pariatur laboris ex est occaecat aute anim. Reprehenderit enim minim reprehenderit aliqua. Aliquip elit minim dolore adipisicing in fugiat officia."
        }
    },
    {
        "model": "technology_radar.blip",
        "pk": 84,
        "fields": {
            "created": "2016-02-14T11:13:28Z",
            "modified": "2016-02-14T11:14:44.807Z",
            "area": 1,
            "radar": 1,
            "status": 4,
            "name": "ad ullamco",
            "slug": "ad-ullamco",
            "body": "Ipsum laboris ea eiusmod labore est nulla reprehenderit esse adipisicing cupidatat. Consectetur ad irure dolor ipsum cillum in irure. Ullamco est aliquip officia amet nulla voluptate ad dolore elit. Irure eu non culpa eu minim enim sit laborum sunt."
        }
    },
    {
        "model": "technology_radar.blip",
        "pk": 85,
        "fields": {
            "created": "2016-02-14T11:13:28Z",
            "modified": "2016-02-14T11:14:44.809Z",
            "area": 1,
            "radar": 1,
            "status": 4,
            "name": "ea est",
            "slug": "ea-est",
            "body": "Nisi commodo anim ad enim id cupidatat ex sint sunt. Occaecat in irure sunt fugiat adipisicing adipisicing enim magna ea consectetur velit duis velit culpa. In proident ullamco ut sunt excepteur. Mollit non consectetur aliqua consequat cupidatat quis occaecat non occaecat."
        }
    },
    {
        "model": "technology_radar.blip",
        "pk": 86,
        "fields": {
            "created": "2016-02-14T11:13:28Z",
            "modified": "2016-02-14T11:14:44.812Z",
            "area": 1,
            "radar": 1,
            "status": 2,
            "name": "ea dolore",
            "slug": "ea-dolore",
            "body": "Non pariatur consectetur magna elit duis incididunt. Cupidatat proident reprehenderit sint excepteur culpa minim aliqua ut nisi voluptate labore. Sunt sunt laboris ex officia ex. Sit duis ut reprehenderit occaecat non."
        }
    },
    {
        "model": "technology_radar.blip",
        "pk": 87,
        "fields": {
            "created": "2016-02-14T11:13:28Z",
            "modified": "2016-02-14T11:14:44.815Z",
            "area": 3,
            "radar": 1,
            "status": 2,
            "name": "incididunt adipisicing",
            "slug": "incididunt-adipisicing",
            "body": "Tempor qui irure mollit veniam nostrud. Est sunt eu nisi exercitation enim aliquip aliquip pariatur fugiat nostrud velit irure eiusmod nulla. Est do amet veniam dolor. Duis dolore culpa qui aliquip tempor qui occaecat excepteur non sit cupidatat consequat exercitation amet."
        }
    },
    {
        "model": "technology_radar.blip",
        "pk": 88,
        "fields": {
            "created": "2016-02-14T11:13:28Z",
            "modified": "2016-02-14T11:14:44.817Z",
            "area": 2,
            "radar": 1,
            "status": 1,
            "name": "aute deserunt",
            "slug": "aute-deserunt",
            "body": "Occaecat do nisi eu consequat aliquip. Ad nulla reprehenderit eu aliquip sit id dolore. Exercitation est exercitation labore velit eiusmod qui reprehenderit laboris ullamco est commodo. Esse ullamco cillum pariatur commodo labore Lorem reprehenderit dolor pariatur tempor minim cupidatat excepteur incididunt."
        }
    },
    {
        "model": "technology_radar.blip",
        "pk": 89,
        "fields": {
            "created": "2016-02-14T11:13:28Z",
            "modified": "2016-02-14T11:14:44.820Z",
            "area": 2,
            "radar": 1,
            "status": 3,
            "name": "minim aliquip",
            "slug": "minim-aliquip",
            "body": "Et laboris consequat officia deserunt labore ut sint aliqua veniam incididunt proident incididunt non. Esse ad sunt culpa sint cillum est sit in voluptate excepteur ad. Mollit est est esse pariatur dolore. Tempor adipisicing voluptate adipisicing consectetur minim ipsum."
        }
    },
    {
        "model": "technology_radar.blip",
        "pk": 90,
        "fields": {
            "created": "2016-02-14T11:13:28Z",
            "modified": "2016-02-14T11:14:44.823Z",
            "area": 3,
            "radar": 1,
            "status": 2,
            "name": "cillum consectetur",
            "slug": "cillum-consectetur",
            "body": "Quis esse eu pariatur pariatur amet tempor elit. Non eiusmod adipisicing cupidatat nisi sint laboris ea consectetur eiusmod eu. Amet velit non dolor voluptate ad proident aute do minim. Qui tempor voluptate mollit laborum ex sunt id cupidatat officia enim."
        }
    },
    {
        "model": "technology_radar.blip",
        "pk": 91,
        "fields": {
            "created": "2016-02-14T11:13:28Z",
            "modified": "2016-02-14T11:14:44.826Z",
            "area": 4,
            "radar": 1,
            "status": 2,
            "name": "officia sunt",
            "slug": "officia-sunt",
            "body": "Mollit culpa do sit sit sint elit. Reprehenderit enim nisi veniam velit incididunt sint dolor pariatur duis ipsum est eu. Velit ipsum laborum nulla exercitation commodo labore est voluptate sit fugiat labore. Excepteur magna nulla sunt culpa aute id dolore laboris incididunt."
        }
    },
    {
        "model": "technology_radar.blip",
        "pk": 92,
        "fields": {
            "created": "2016-02-14T11:13:28Z",
            "modified": "2016-02-14T11:14:44.829Z",
            "area": 1,
            "radar": 1,
            "status": 2,
            "name": "voluptate eu",
            "slug": "voluptate-eu",
            "body": "Pariatur non sint non do sint nulla magna anim anim et sint. Laborum sit quis anim aliqua quis. Elit in esse sit occaecat voluptate enim amet anim. Id qui incididunt ipsum laboris ad."
        }
    },
    {
        "model": "technology_radar.blip",
        "pk": 93,
        "fields": {
            "created": "2016-02-14T11:13:28Z",
            "modified": "2016-02-14T11:14:44.831Z",
            "area": 3,
            "radar": 1,
            "status": 2,
            "name": "ullamco minim",
            "slug": "ullamco-minim",
            "body": "Sint amet non ut veniam proident commodo nisi consectetur ipsum. Laborum eu Lorem duis aute consectetur do nostrud. Officia eu sint ad ea aliqua ad ipsum quis dolor ex. Fugiat cupidatat ex esse elit commodo pariatur et sit nisi sit."
        }
    },
    {
        "model": "technology_radar.blip",
        "pk": 94,
        "fields": {
            "created": "2016-02-14T11:13:28Z",
            "modified": "2016-02-14T11:14:44.834Z",
            "area": 1,
            "radar": 1,
            "status": 3,
            "name": "laboris ut",
            "slug": "laboris-ut",
            "body": "Amet pariatur labore nulla incididunt cupidatat reprehenderit incididunt in occaecat sunt et pariatur nisi nostrud. Ea nulla eiusmod cillum laborum mollit eu pariatur magna. Aliqua excepteur adipisicing consectetur sunt dolor adipisicing in ea sint officia Lorem. Dolore nulla ea reprehenderit dolor duis fugiat ipsum magna eiusmod non commodo."
        }
    },
    {
        "model": "technology_radar.blip",
        "pk": 95,
        "fields": {
            "created": "2016-02-14T11:13:28Z",
            "modified": "2016-02-14T11:14:44.837Z",
            "area": 2,
            "radar": 1,
            "status": 3,
            "name": "aliquip eu",
            "slug": "aliquip-eu",
            "body": "Eiusmod exercitation ipsum aliqua exercitation incididunt esse laboris amet dolor quis cupidatat. Fugiat officia eiusmod est sunt veniam minim Lorem aliqua. Commodo labore quis commodo Lorem est ea in labore magna consectetur laboris et anim magna. Irure do ipsum dolore amet proident quis ut non veniam velit."
        }
    },
    {
        "model": "technology_radar.blip",
        "pk": 96,
        "fields": {
            "created": "2016-02-14T11:13:28Z",
            "modified": "2016-02-14T11:14:44.839Z",
            "area": 2,
            "radar": 1,
            "status": 3,
            "name": "irure cillum",
            "slug": "irure-cillum",
            "body": "Sint voluptate pariatur exercitation eiusmod sit sint laboris. Sint Lorem adipisicing Lorem et. Ipsum officia proident elit mollit amet minim enim adipisicing amet. Culpa dolore est in eiusmod aliqua in sint."
        }
    },
    {
        "model": "technology_radar.blip",
        "pk": 97,
        "fields": {
            "created": "2016-02-14T11:13:28Z",
            "modified": "2016-02-14T11:14:44.842Z",
            "area": 1,
            "radar": 1,
            "status": 1,
            "name": "occaecat voluptate",
            "slug": "occaecat-voluptate",
            "body": "Consequat cillum est adipisicing pariatur minim. Adipisicing occaecat aute laborum sit fugiat eu adipisicing proident consectetur Lorem voluptate duis qui. Esse dolore ea adipisicing deserunt irure aliqua. Officia enim enim eiusmod nisi cillum occaecat."
        }
    },
    {
        "model": "technology_radar.blip",
        "pk": 98,
        "fields": {
            "created": "2016-02-14T11:13:28Z",
            "modified": "2016-02-14T11:14:44.845Z",
            "area": 3,
            "radar": 1,
            "status": 2,
            "name": "adipisicing laboris",
            "slug": "adipisicing-laboris",
            "body": "Sint velit aliquip ut labore anim do anim. Mollit excepteur est sint elit laborum minim eiusmod adipisicing minim duis culpa ut do. Do nisi eu elit est anim minim eiusmod ad quis incididunt cupidatat quis occaecat. Aliqua consequat et ea pariatur labore nostrud pariatur qui sit dolor."
        }
    },
    {
        "model": "technology_radar.blip",
        "pk": 99,
        "fields": {
            "created": "2016-02-14T11:13:28Z",
            "modified": "2016-02-14T11:14:44.847Z",
            "area": 3,
            "radar": 1,
            "status": 2,
            "name": "ullamco incididunt",
            "slug": "ullamco-incididunt",
            "body": "Id elit voluptate ut enim consectetur quis laborum velit ut nostrud veniam officia. Adipisicing tempor aute id qui do proident anim non exercitation et id elit exercitation. Amet deserunt veniam est Lorem incididunt pariatur eu ullamco ullamco reprehenderit aute. Culpa nulla tempor fugiat deserunt id nulla aliquip aliquip."
        }
    },
    {
        "model": "technology_radar.blip",
        "pk": 100,
        "fields": {
            "created": "2016-02-14T11:13:28Z",
            "modified": "2016-02-14T11:14:44.850Z",
            "area": 1,
            "radar": 1,
            "status": 4,
            "name": "esse ipsum",
            "slug": "esse-ipsum",
            "body": "Minim tempor nulla excepteur exercitation fugiat officia eiusmod ut irure voluptate ea qui reprehenderit. Esse quis eiusmod deserunt esse incididunt culpa sunt esse. Adipisicing sint eu labore nulla amet laboris ea cillum deserunt occaecat mollit occaecat dolore. Dolor deserunt incididunt esse cillum non magna quis dolore quis cillum deserunt occaecat."
        }
    }
]